{
  "epoch": [
    1,
    2,
    3,
    4,
    5,
    6,
    7,
    8,
    9,
    10,
    11,
    12,
    13,
    14,
    15,
    16,
    17,
    18,
    19,
    20,
    21,
    22,
    23,
    24,
    25,
    26,
    27,
    28,
    29,
    30,
    31,
    32,
    33,
    34,
    35,
    36,
    37,
    38,
    39,
    40,
    41,
    42,
    43,
    44,
    45,
    46,
    47,
    48,
    49,
    50,
    51,
    52,
    53,
    54,
    55,
    56,
    57,
    58,
    59,
    60,
    61,
    62,
    63,
    64,
    65,
    66,
    67,
    68,
    69,
    70,
    71,
    72,
    73,
    74,
    75,
    76,
    77,
    78,
    79,
    80,
    81,
    82,
    83,
    84,
    85,
    86,
    87,
    88,
    89,
    90,
    91,
    92,
    93,
    94,
    95,
    96,
    97,
    98,
    99,
    100,
    101,
    102,
    103,
    104,
    105,
    106,
    107,
    108,
    109,
    110,
    111,
    112,
    113,
    114,
    115,
    116,
    117,
    118,
    119,
    120,
    121,
    122,
    123,
    124,
    125,
    126,
    127,
    128,
    129,
    130,
    131,
    132,
    133,
    134,
    135,
    136,
    137,
    138,
    139,
    140,
    141,
    142,
    143,
    144,
    145,
    146,
    147,
    148,
    149,
    150,
    151,
    152,
    153,
    154,
    155,
    156,
    157,
    158,
    159,
    160,
    161,
    162,
    163,
    164,
    165,
    166,
    167,
    168,
    169,
    170,
    171,
    172,
    173,
    174,
    175,
    176,
    177,
    178,
    179,
    180,
    181,
    182,
    183,
    184,
    185,
    186,
    187,
    188,
    189,
    190,
    191,
    192,
    193,
    194,
    195,
    196,
    197,
    198,
    199,
    200
  ],
  "train_loss": [
    3.931736,
    3.567051,
    3.444576,
    3.433375,
    3.420122,
    3.34554,
    3.277809,
    3.230633,
    3.190981,
    3.147703,
    3.129304,
    3.10594,
    3.108997,
    3.071019,
    3.011625,
    3.020946,
    2.990812,
    3.019386,
    2.998097,
    2.995535,
    2.976675,
    2.949277,
    2.932372,
    2.939996,
    2.978163,
    2.916931,
    2.955034,
    2.933565,
    2.904585,
    2.931996,
    2.911676,
    2.888643,
    2.92118,
    2.92121,
    2.919054,
    2.871743,
    2.899537,
    2.918895,
    2.897371,
    2.902096,
    2.900918,
    2.909951,
    2.906882,
    2.858482,
    2.909409,
    2.897815,
    2.886304,
    2.852681,
    2.880155,
    2.846666,
    2.85662,
    2.819138,
    2.853837,
    2.846037,
    2.834055,
    2.879836,
    2.849097,
    2.836692,
    2.839907,
    2.802558,
    2.794018,
    2.848296,
    2.795878,
    2.841371,
    2.82369,
    2.81069,
    2.782201,
    2.826658,
    2.804802,
    2.804328,
    2.815416,
    2.778719,
    2.80341,
    2.765612,
    2.787607,
    2.761852,
    2.825234,
    2.795611,
    2.779916,
    2.778514,
    2.782355,
    2.790991,
    2.729653,
    2.768301,
    2.728134,
    2.746347,
    2.705004,
    2.745464,
    2.746615,
    2.708612,
    2.75567,
    2.71601,
    2.693342,
    2.675703,
    2.681026,
    2.675054,
    2.70252,
    2.676156,
    2.661731,
    2.642017,
    2.660208,
    2.633532,
    2.655714,
    2.63063,
    2.660367,
    2.620768,
    2.600718,
    2.62284,
    2.624198,
    2.629579,
    2.611786,
    2.632671,
    2.624051,
    2.581065,
    2.607625,
    2.55506,
    2.546929,
    2.551123,
    2.55573,
    2.515293,
    2.529388,
    2.536251,
    2.524726,
    2.524161,
    2.514946,
    2.460613,
    2.485581,
    2.468918,
    2.495875,
    2.465044,
    2.46707,
    2.510805,
    2.457075,
    2.417714,
    2.433038,
    2.4737,
    2.440341,
    2.416206,
    2.369764,
    2.400377,
    2.409366,
    2.365306,
    2.370379,
    2.338527,
    2.331655,
    2.361286,
    2.355179,
    2.351136,
    2.353129,
    2.313479,
    2.325276,
    2.32552,
    2.318115,
    2.274594,
    2.311461,
    2.269189,
    2.301266,
    2.2744,
    2.24228,
    2.247688,
    2.294144,
    2.241658,
    2.221847,
    2.203026,
    2.179372,
    2.209663,
    2.212598,
    2.228694,
    2.184406,
    2.204162,
    2.212396,
    2.239451,
    2.194613,
    2.143153,
    2.196149,
    2.17673,
    2.16367,
    2.125255,
    2.168242,
    2.167749,
    2.122545,
    2.12091,
    2.122844,
    2.13058,
    2.141305,
    2.127459,
    2.149141,
    2.127028,
    2.168573,
    2.167807,
    2.133864,
    2.101273,
    2.131735,
    2.143327,
    2.091906,
    2.099354,
    2.095153,
    2.138054,
    2.126538,
    2.127646
  ],
  "val_loss": [
    1.864086,
    1.690959,
    1.690637,
    1.696433,
    1.771366,
    1.681403,
    1.58066,
    1.552407,
    1.574687,
    1.568111,
    1.51896,
    1.488135,
    1.447854,
    1.335079,
    1.399897,
    1.410155,
    1.347659,
    1.363049,
    1.376142,
    1.405266,
    1.372279,
    1.418124,
    1.376543,
    1.288454,
    1.359727,
    1.260936,
    1.43961,
    1.484404,
    1.428094,
    1.38402,
    1.346647,
    1.408225,
    1.323041,
    1.377535,
    1.332077,
    1.307824,
    1.392841,
    1.402622,
    1.34979,
    1.385855,
    1.417199,
    1.271391,
    1.413441,
    1.441725,
    1.32041,
    1.325802,
    1.304259,
    1.296213,
    1.329569,
    1.351363,
    1.325813,
    1.326084,
    1.185851,
    1.341626,
    1.268821,
    1.355335,
    1.36143,
    1.277108,
    1.251859,
    1.334779,
    1.328256,
    1.278199,
    1.154401,
    1.367566,
    1.32795,
    1.271289,
    1.138597,
    1.121238,
    1.116727,
    1.365969,
    1.243997,
    1.138172,
    1.24668,
    1.214617,
    1.163996,
    1.204066,
    1.21556,
    1.204479,
    1.256799,
    1.197826,
    1.214917,
    1.283917,
    1.150342,
    1.187969,
    1.170784,
    1.185263,
    1.17621,
    1.185499,
    1.170382,
    1.049023,
    1.125144,
    1.149354,
    1.135122,
    1.119129,
    1.035145,
    1.119615,
    1.135273,
    1.081812,
    1.109044,
    1.04251,
    1.107775,
    1.105064,
    1.178436,
    1.021033,
    1.029827,
    1.002275,
    1.04161,
    1.052362,
    1.039025,
    1.07218,
    0.947739,
    0.990424,
    1.071312,
    0.998022,
    1.023348,
    1.030438,
    0.977451,
    1.017484,
    1.080995,
    0.988149,
    0.993495,
    0.975386,
    0.995329,
    1.095507,
    0.957989,
    0.952588,
    0.912446,
    0.93156,
    0.929428,
    0.929642,
    0.921391,
    0.964427,
    0.892021,
    0.94726,
    0.910799,
    0.974465,
    0.899335,
    0.898115,
    0.859026,
    0.91315,
    0.931269,
    0.887289,
    0.898724,
    0.895443,
    0.914243,
    0.885305,
    0.851166,
    0.851623,
    0.890328,
    0.880255,
    0.874347,
    0.827782,
    0.855921,
    0.919373,
    0.841974,
    0.783532,
    0.882794,
    0.829942,
    0.780756,
    0.834466,
    0.804279,
    0.813729,
    0.785599,
    0.784451,
    0.839378,
    0.80124,
    0.835017,
    0.793019,
    0.806211,
    0.813334,
    0.819654,
    0.78801,
    0.777936,
    0.79908,
    0.768525,
    0.811138,
    0.765724,
    0.807735,
    0.793115,
    0.755374,
    0.75161,
    0.770874,
    0.765004,
    0.745546,
    0.747898,
    0.717868,
    0.766031,
    0.78128,
    0.76025,
    0.747572,
    0.745976,
    0.72765,
    0.738368,
    0.730204,
    0.750008,
    0.741667,
    0.784783,
    0.750727,
    0.748556,
    0.734948
  ],