{
  "epoch": [
    1,
    2,
    3,
    4,
    5,
    6,
    7,
    8,
    9,
    10,
    11,
    12,
    13,
    14,
    15,
    16,
    17,
    18,
    19,
    20,
    21,
    22,
    23,
    24,
    25,
    26,
    27,
    28,
    29,
    30,
    31,
    32,
    33,
    34,
    35,
    36,
    37,
    38,
    39,
    40,
    41,
    42,
    43,
    44,
    45,
    46,
    47,
    48,
    49,
    50,
    51,
    52,
    53,
    54,
    55,
    56,
    57,
    58,
    59,
    60,
    61,
    62,
    63,
    64,
    65,
    66,
    67,
    68,
    69,
    70,
    71,
    72,
    73,
    74,
    75,
    76,
    77,
    78,
    79,
    80,
    81,
    82,
    83,
    84,
    85,
    86,
    87,
    88,
    89,
    90,
    91,
    92,
    93,
    94,
    95,
    96,
    97,
    98,
    99,
    100,
    101,
    102,
    103,
    104,
    105,
    106,
    107,
    108,
    109,
    110,
    111,
    112,
    113,
    114,
    115,
    116,
    117,
    118,
    119,
    120,
    121,
    122,
    123,
    124,
    125,
    126,
    127,
    128,
    129,
    130,
    131,
    132,
    133,
    134,
    135,
    136,
    137,
    138,
    139,
    140,
    141,
    142,
    143,
    144,
    145,
    146,
    147,
    148,
    149,
    150,
    151,
    152,
    153,
    154,
    155,
    156,
    157,
    158,
    159,
    160,
    161,
    162,
    163,
    164,
    165,
    166,
    167,
    168,
    169,
    170,
    171,
    172,
    173,
    174,
    175,
    176,
    177,
    178,
    179,
    180,
    181,
    182,
    183,
    184,
    185,
    186,
    187,
    188,
    189,
    190,
    191,
    192,
    193,
    194,
    195,
    196,
    197,
    198,
    199,
    200
  ],
  "train_loss": [
    2.206492,
    1.944274,
    1.809668,
    1.759853,
    1.787101,
    1.766665,
    1.780949,
    1.74733,
    1.652002,
    1.645733,
    1.634646,
    1.641071,
    1.671027,
    1.610919,
    1.662426,
    1.584835,
    1.600812,
    1.560416,
    1.617264,
    1.581673,
    1.534108,
    1.527007,
    1.549948,
    1.535139,
    1.588102,
    1.538643,
    1.526174,
    1.572744,
    1.5629,
    1.542723,
    1.60716,
    1.535419,
    1.539511,
    1.496476,
    1.487761,
    1.539265,
    1.540529,
    1.503263,
    1.489047,
    1.554097,
    1.486274,
    1.535195,
    1.477345,
    1.560777,
    1.467528,
    1.522009,
    1.499913,
    1.456218,
    1.483264,
    1.506802,
    1.494091,
    1.46966,
    1.480406,
    1.480802,
    1.50681,
    1.484507,
    1.446448,
    1.481251,
    1.446123,
    1.458083,
    1.449193,
    1.457528,
    1.445165,
    1.426969,
    1.428734,
    1.429443,
    1.409803,
    1.418186,
    1.435138,
    1.462618,
    1.407913,
    1.441813,
    1.423745,
    1.421741,
    1.436835,
    1.39162,
    1.439966,
    1.392976,
    1.40092,
    1.429707,
    1.412835,
    1.382417,
    1.378,
    1.427746,
    1.400247,
    1.407466,
    1.37164,
    1.315216,
    1.422934,
    1.38262,
    1.405567,
    1.363578,
    1.389211,
    1.373731,
    1.38281,
    1.365583,
    1.379542,
    1.394745,
    1.408585,
    1.373245,
    1.329106,
    1.405354,
    1.364702,
    1.358547,
    1.415056,
    1.356917,
    1.346806,
    1.379922,
    1.378707,
    1.318108,
    1.351743,
    1.380763,
    1.333918,
    1.378954,
    1.337228,
    1.3506,
    1.315552,
    1.386247,
    1.317331,
    1.334261,
    1.302544,
    1.354635,
    1.361321,
    1.329069,
    1.377545,
    1.35853,
    1.344051,
    1.298928,
    1.364073,
    1.299608,
    1.303145,
    1.32015,
    1.300684,
    1.261972,
    1.25671,
    1.283002,
    1.293585,
    1.294329,
    1.287074,
    1.282587,
    1.32998,
    1.280649,
    1.293573,
    1.297735,
    1.31615,
    1.318783,
    1.328731,
    1.28043,
    1.304188,
    1.225813,
    1.243787,
    1.249267,
    1.239426,
    1.252086,
    1.226675,
    1.244824,
    1.247741,
    1.284783,
    1.260424,
    1.243737,
    1.233855,
    1.233361,
    1.256069,
    1.244495,
    1.274005,
    1.231314,
    1.257905,
    1.249895,
    1.236274,
    1.259251,
    1.25141,
    1.215434,
    1.252535,
    1.216517,
    1.218231,
    1.241706,
    1.265076,
    1.25316,
    1.230611,
    1.212359,
    1.21734,
    1.279083,
    1.209763,
    1.263235,
    1.235464,
    1.258315,
    1.238024,
    1.160905,
    1.227017,
    1.20064,
    1.180628,
    1.20607,
    1.168752,
    1.256675,
    1.202415,
    1.219104,
    1.249139,
    1.259573,
    1.202919,
    1.232055
  ],
  "val_loss": [
    2.920617,
    2.21992,
    2.335997,
    2.040669,
    2.056921,
    1.908917,
    1.935553,
    1.888335,
    1.818901,
    1.813946,
    1.826253,
    1.789516,
    1.844563,
    1.756539,
    1.747314,
    1.802367,
    1.682415,
    1.655261,
    1.707986,
    1.64,
    1.725449,
    1.680406,
    1.60448,
    1.69309,
    1.646327,
    1.592859,
    1.656096,
    1.618843,
    1.573478,
    1.526931,
    1.524475,
    1.627417,
    1.518662,
    1.563766,
    1.560348,
    2.026205,
    1.625987,
    1.463762,
    1.98037,
    1.541674,
    1.480634,
    1.59625,
    1.595278,
    1.405827,
    1.501757,
    1.586211,
    1.501204,
    1.51519,
    1.597174,
    1.509743,
    1.480465,
    1.518877,
    1.443077,
    1.457402,
    1.415736,
    1.454977,
    1.433577,
    1.402546,
    1.393364,
    1.513874,
    1.427156,
    1.463237,
    1.400935,
    1.475391,
    1.421687,
    1.45877,
    1.445225,
    1.441846,
    1.372921,
    1.477388,
    1.417593,
    1.488789,
    1.405667,
    1.41392,
    1.341355,
    1.434428,
    1.386258,
    1.445684,
    1.417875,
    1.362579,
    1.364042,
    1.382706,
    1.371361,
    1.40057,
    1.340121,
    1.360241,
    1.36623,
    1.288224,
    1.326321,
    1.420362,
    1.319106,
    1.259736,
    1.293392,
    1.34429,
    1.268862,
    1.280841,
    1.338333,
    1.309613,
    1.237741,
    1.270412,
    1.311738,
    1.280306,
    1.353834,
    1.258613,
    1.351637,
    1.53288,
    1.262561,
    1.337406,
    1.244593,
    1.250782,
    1.285733,
    1.294806,
    1.280813,
    1.198537,
    1.242087,
    1.264408,
    1.187396,
    1.231889,
    1.233027,
    1.20145,
    1.194572,
    1.21599,
    1.266725,
    1.23296,
    1.172582,
    1.200654,
    1.159525,
    1.213666,
    1.220032,
    1.229477,
    1.231129,
    1.180371,
    1.171042,
    1.166556,
    1.183036,
    1.182137,
    1.204221,
    1.166785,
    1.1586,
    1.117491,
    1.117821,
    1.173524,
    1.162642,
    1.140753,
    1.141115,
    1.125417,
    1.133372,
    1.09735,
    1.125484,
    1.142483,
    1.153472,
    1.137325,
    1.128347,
    1.132933,
    1.08486,
    1.100957,
    1.118043,
    1.119379,
    1.101971,
    1.092935,
    1.073989,
    1.072445,
    1.046732,
    1.108036,
    1.132375,
    1.073836,
    1.073629,
    1.071882,
    1.070905,
    1.072617,
    1.059415,
    1.085213,
    1.044992,
    1.068085,
    1.107571,
    1.059298,
    1.067974,
    1.053449,
    1.061791,
    1.060101,
    1.087199,
    1.084083,
    1.075011,
    1.079029,
    1.104119,
    1.044092,
    1.035684,
    1.066875,
    1.068677,
    1.063782,
    1.083551,
    1.054338,
    1.089201,
    1.056848,
    1.073236,
    1.06223,
    1.054711,
    1.100204,
    1.047592,
    1.051895
  ],