{
  "epoch": [
    1,
    2,
    3,
    4,
    5,
    6,
    7,
    8,
    9,
    10,
    11,
    12,
    13,
    14,
    15,
    16,
    17,
    18,
    19,
    20,
    21,
    22,
    23,
    24,
    25,
    26,
    27,
    28,
    29,
    30,
    31,
    32,
    33,
    34,
    35,
    36,
    37,
    38,
    39,
    40,
    41,
    42,
    43,
    44,
    45,
    46,
    47,
    48,
    49,
    50,
    51,
    52,
    53,
    54,
    55,
    56,
    57,
    58,
    59,
    60,
    61,
    62,
    63,
    64,
    65,
    66,
    67,
    68,
    69,
    70,
    71,
    72,
    73,
    74,
    75,
    76,
    77,
    78,
    79,
    80,
    81,
    82,
    83,
    84,
    85,
    86,
    87,
    88,
    89,
    90,
    91,
    92,
    93,
    94,
    95,
    96,
    97,
    98,
    99,
    100,
    101,
    102,
    103,
    104,
    105,
    106,
    107,
    108,
    109,
    110,
    111,
    112,
    113,
    114,
    115,
    116,
    117,
    118,
    119,
    120,
    121,
    122,
    123,
    124,
    125,
    126,
    127,
    128,
    129,
    130,
    131,
    132,
    133,
    134,
    135,
    136,
    137,
    138,
    139,
    140,
    141,
    142,
    143,
    144,
    145,
    146,
    147,
    148,
    149,
    150,
    151,
    152,
    153,
    154,
    155,
    156,
    157,
    158,
    159,
    160,
    161,
    162,
    163,
    164,
    165,
    166,
    167,
    168,
    169,
    170,
    171,
    172,
    173,
    174,
    175,
    176,
    177,
    178,
    179,
    180,
    181,
    182,
    183,
    184,
    185,
    186,
    187,
    188,
    189,
    190,
    191,
    192,
    193,
    194,
    195,
    196,
    197,
    198,
    199,
    200
  ],
  "train_loss": [
    2.415745,
    2.072717,
    1.860834,
    1.802993,
    1.79987,
    1.76219,
    1.75642,
    1.706227,
    1.626881,
    1.622866,
    1.602485,
    1.589386,
    1.61979,
    1.560012,
    1.596886,
    1.506307,
    1.53817,
    1.478381,
    1.535802,
    1.507663,
    1.464736,
    1.44122,
    1.476085,
    1.448144,
    1.522254,
    1.466356,
    1.418284,
    1.473541,
    1.477869,
    1.470482,
    1.52243,
    1.448262,
    1.446111,
    1.398062,
    1.400989,
    1.444871,
    1.451416,
    1.394174,
    1.387107,
    1.453236,
    1.380717,
    1.443788,
    1.375469,
    1.462306,
    1.372498,
    1.431407,
    1.381509,
    1.339726,
    1.365909,
    1.385717,
    1.373829,
    1.356255,
    1.359226,
    1.351572,
    1.393796,
    1.352544,
    1.331127,
    1.350245,
    1.33419,
    1.336481,
    1.33892,
    1.320221,
    1.336026,
    1.298938,
    1.296389,
    1.292029,
    1.291787,
    1.289191,
    1.289701,
    1.350454,
    1.268377,
    1.342902,
    1.297339,
    1.295885,
    1.299956,
    1.258376,
    1.308219,
    1.253578,
    1.271513,
    1.283936,
    1.279268,
    1.258475,
    1.250142,
    1.299141,
    1.27596,
    1.265545,
    1.239077,
    1.180301,
    1.281263,
    1.226889,
    1.276076,
    1.216642,
    1.254138,
    1.232457,
    1.253509,
    1.228528,
    1.246325,
    1.260377,
    1.286951,
    1.238309,
    1.196898,
    1.298278,
    1.231734,
    1.227419,
    1.284128,
    1.208676,
    1.214821,
    1.236858,
    1.241408,
    1.168519,
    1.211989,
    1.233863,
    1.189138,
    1.241243,
    1.187102,
    1.195615,
    1.164152,
    1.254566,
    1.176781,
    1.191167,
    1.146815,
    1.218961,
    1.228595,
    1.175471,
    1.243772,
    1.229621,
    1.207929,
    1.128989,
    1.211246,
    1.135817,
    1.157883,
    1.167281,
    1.158681,
    1.096386,
    1.084608,
    1.121637,
    1.123079,
    1.137056,
    1.120005,
    1.113735,
    1.176996,
    1.112689,
    1.123826,
    1.137658,
    1.171156,
    1.169249,
    1.183832,
    1.119063,
    1.143898,
    1.049444,
    1.072608,
    1.086472,
    1.059479,
    1.067513,
    1.056321,
    1.060531,
    1.062038,
    1.113804,
    1.091425,
    1.072831,
    1.043921,
    1.060662,
    1.069867,
    1.056874,
    1.092648,
    1.067515,
    1.081642,
    1.073148,
    1.073476,
    1.082112,
    1.078525,
    1.017364,
    1.084819,
    1.058983,
    1.033013,
    1.065285,
    1.084214,
    1.082725,
    1.060024,
    1.031749,
    1.038266,
    1.094691,
    1.033412,
    1.080914,
    1.064499,
    1.095829,
    1.072476,
    0.977678,
    1.044297,
    1.019504,
    1.008853,
    1.022951,
    0.970417,
    1.079922,
    1.018526,
    1.04017,
    1.069047,
    1.077093,
    1.014171,
    1.070117
  ],
  "val_loss": [
    3.188458,
    2.539589,
    2.278822,
    2.165189,
    2.03432,
    1.981399,
    2.012355,
    2.021113,
    1.907402,
    1.873782,
    1.921092,
    1.840032,
    1.879375,
    1.711546,
    1.703091,
    1.788641,
    1.696057,
    1.642414,
    1.690922,
    1.776798,
    1.708886,
    1.638429,
    1.618109,
    1.679878,
    1.671407,
    1.671463,
    1.573311,
    1.546337,
    1.573384,
    1.678398,
    1.539038,
    1.600543,
    1.571647,
    1.608915,
    1.570289,
    1.563732,
    1.563685,
    1.581571,
    1.534219,
    1.628173,
    1.503682,
    1.539251,
    1.515981,
    1.490797,
    1.510732,
    1.581694,
    1.470895,
    1.492405,
    1.433689,
    1.51429,
    1.460726,
    1.644048,
    1.435194,
    1.490498,
    1.469774,
    1.448823,
    1.512747,
    1.482733,
    1.434657,
    1.483503,
    1.468497,
    1.510585,
    1.418446,
    1.433192,
    1.489754,
    1.44299,
    1.47966,
    1.445189,
    1.438605,
    1.43769,
    1.425623,
    1.445302,
    1.465155,
    1.411408,
    1.380951,
    1.425439,
    1.386161,
    1.444254,
    1.395052,
    1.403467,
    1.411169,
    1.368563,
    1.417293,
    1.393006,
    1.41614,
    1.335723,
    1.381188,
    1.363196,
    1.384124,
    1.401043,
    1.378803,
    1.356251,
    1.366387,
    1.409375,
    1.37124,
    1.348355,
    1.366973,
    1.311892,
    1.369692,
    1.304365,
    1.343805,
    1.392071,
    1.365985,
    1.334265,
    1.330207,
    1.277425,
    1.335387,
    1.31464,
    1.284429,
    1.347322,
    1.314135,
    1.350162,
    1.295514,
    1.273975,
    1.306296,
    1.29432,
    1.230332,
    1.265255,
    1.267637,
    1.266273,
    1.263517,
    1.309003,
    1.280387,
    1.294847,
    1.245782,
    1.28289,
    1.245214,
    1.269133,
    1.277383,
    1.291322,
    1.223972,
    1.229269,
    1.202637,
    1.258863,
    1.218401,
    1.235544,
    1.224827,
    1.217268,
    1.225341,
    1.195382,
    1.178245,
    1.200973,
    1.233481,
    1.212195,
    1.221408,
    1.185183,
    1.204139,
    1.167813,
    1.17828,
    1.180954,
    1.232605,
    1.173961,
    1.199336,
    1.188092,
    1.138232,
    1.145973,
    1.164284,
    1.153647,
    1.168303,
    1.167146,
    1.144276,
    1.138947,
    1.110095,
    1.142977,
    1.143997,
    1.14483,
    1.13224,
    1.147094,
    1.136644,
    1.136501,
    1.117111,
    1.131545,
    1.122027,
    1.139401,
    1.155942,
    1.124959,
    1.125638,
    1.117648,
    1.105987,
    1.11177,
    1.131375,
    1.124208,
    1.124925,
    1.122788,
    1.131691,
    1.102956,
    1.102834,
    1.119895,
    1.109836,
    1.121469,
    1.132253,
    1.11534,
    1.127892,
    1.114336,
    1.124354,
    1.130821,
    1.120663,
    1.126161,
    1.128776,
    1.122957
  ],