{
  "epoch": [
    1,
    2,
    3,
    4,
    5,
    6,
    7,
    8,
    9,
    10,
    11,
    12,
    13,
    14,
    15,
    16,
    17,
    18,
    19,
    20,
    21,
    22,
    23,
    24,
    25,
    26,
    27,
    28,
    29,
    30,
    31,
    32,
    33,
    34,
    35,
    36,
    37,
    38,
    39,
    40,
    41,
    42,
    43,
    44,
    45,
    46,
    47,
    48,
    49,
    50,
    51,
    52,
    53,
    54,
    55,
    56,
    57,
    58,
    59,
    60,
    61,
    62,
    63,
    64,
    65,
    66,
    67,
    68,
    69,
    70,
    71,
    72,
    73,
    74,
    75,
    76,
    77,
    78,
    79,
    80,
    81,
    82,
    83,
    84,
    85,
    86,
    87,
    88,
    89,
    90,
    91,
    92,
    93,
    94,
    95,
    96,
    97,
    98,
    99,
    100,
    101,
    102,
    103,
    104,
    105,
    106,
    107,
    108,
    109,
    110,
    111,
    112,
    113,
    114,
    115,
    116,
    117,
    118,
    119,
    120,
    121,
    122,
    123,
    124,
    125,
    126,
    127,
    128,
    129,
    130,
    131,
    132,
    133,
    134,
    135,
    136,
    137,
    138,
    139,
    140,
    141,
    142,
    143,
    144,
    145,
    146,
    147,
    148,
    149,
    150,
    151,
    152,
    153,
    154,
    155,
    156,
    157,
    158,
    159,
    160,
    161,
    162,
    163,
    164,
    165,
    166,
    167,
    168,
    169,
    170,
    171,
    172,
    173,
    174,
    175,
    176,
    177,
    178,
    179,
    180,
    181,
    182,
    183,
    184,
    185,
    186,
    187,
    188,
    189,
    190,
    191,
    192,
    193,
    194,
    195,
    196,
    197,
    198,
    199,
    200
  ],
  "train_loss": [
    1.791826,
    1.614366,
    1.543006,
    1.50272,
    1.489099,
    1.459075,
    1.415748,
    1.398459,
    1.38926,
    1.381343,
    1.374919,
    1.368887,
    1.357655,
    1.343338,
    1.35738,
    1.335149,
    1.348924,
    1.328218,
    1.310562,
    1.317223,
    1.30927,
    1.317487,
    1.327469,
    1.291519,
    1.293996,
    1.288712,
    1.280814,
    1.284426,
    1.280024,
    1.275338,
    1.258123,
    1.269127,
    1.244312,
    1.246158,
    1.262695,
    1.258387,
    1.255603,
    1.254037,
    1.248759,
    1.258916,
    1.261851,
    1.233037,
    1.22839,
    1.229191,
    1.233445,
    1.211653,
    1.21585,
    1.221806,
    1.220721,
    1.211686,
    1.228298,
    1.217139,
    1.205315,
    1.209303,
    1.211515,
    1.209306,
    1.203328,
    1.186769,
    1.211241,
    1.184377,
    1.200794,
    1.196996,
    1.192664,
    1.190628,
    1.184111,
    1.197382,
    1.177121,
    1.193439,
    1.180982,
    1.179766,
    1.168905,
    1.188826,
    1.171296,
    1.173508,
    1.139431,
    1.170383,
    1.15589,
    1.168293,
    1.161395,
    1.164801,
    1.176675,
    1.144384,
    1.171394,
    1.151685,
    1.151356,
    1.159623,
    1.1397,
    1.133621,
    1.140104,
    1.157499,
    1.139376,
    1.136242,
    1.141767,
    1.155604,
    1.117639,
    1.120923,
    1.129534,
    1.124868,
    1.107696,
    1.126716,
    1.12492,
    1.127767,
    1.106231,
    1.117108,
    1.107697,
    1.105319,
    1.093954,
    1.110125,
    1.085413,
    1.109837,
    1.115009,
    1.092418,
    1.095725,
    1.068482,
    1.078032,
    1.098658,
    1.093061,
    1.068938,
    1.065213,
    1.100603,
    1.083284,
    1.073313,
    1.088588,
    1.070461,
    1.058894,
    1.053064,
    1.063914,
    1.043054,
    1.060999,
    1.050295,
    1.065663,
    1.045218,
    1.053099,
    1.040066,
    1.033526,
    1.044987,
    1.032676,
    1.066566,
    1.045801,
    1.020005,
    1.036135,
    1.028836,
    1.038769,
    1.026746,
    1.033971,
    1.007329,
    1.015796,
    1.028622,
    1.024394,
    0.988801,
    1.023437,
    1.031182,
    1.015778,
    0.991933,
    0.998463,
    0.99175,
    0.995893,
    0.979517,
    1.003727,
    0.984231,
    0.993636,
    0.981954,
    1.004604,
    0.995049,
    0.983259,
    0.987198,
    0.992262,
    0.997942,
    0.9798,
    0.98392,
    0.976524,
    0.98702,
    0.960264,
    0.982349,
    0.96241,
    0.975518,
    0.98595,
    0.965734,
    0.985063,
    0.970895,
    0.974571,
    0.957895,
    0.9892,
    0.979287,
    0.941075,
    0.959803,
    0.973421,
    0.958549,
    0.958037,
    0.946443,
    0.948475,
    0.939231,
    0.965474,
    0.975127,
    0.971169,
    0.965432,
    0.944616,
    0.967435,
    0.959581,
    0.942049
  ],
  "val_loss": [
    3.192878,
    2.588779,
    2.299686,
    2.219536,
    2.28148,
    2.077571,
    2.027449,
    1.947106,
    1.97649,
    1.922192,
    1.951855,
    1.833964,
    1.822588,
    1.804518,
    1.822643,
    1.827519,
    1.766592,
    1.727274,
    1.708387,
    1.70177,
    1.758038,
    1.610541,
    1.80591,
    1.709312,
    1.759228,
    1.721785,
    1.623862,
    1.676715,
    1.602969,
    1.629653,
    1.711877,
    1.579608,
    1.608429,
    1.636562,
    1.624532,
    1.623997,
    1.613886,
    1.603367,
    1.677304,
    1.630314,
    1.516911,
    1.670773,
    1.533369,
    1.555833,
    1.553913,
    1.516122,
    1.538632,
    1.488586,
    1.531012,
    1.498443,
    1.512303,
    1.571245,
    1.474907,
    1.48377,
    1.530879,
    1.51696,
    1.440323,
    1.442954,
    1.533904,
    1.497385,
    1.484612,
    1.399587,
    1.412434,
    1.471618,
    1.492907,
    1.465196,
    1.464998,
    1.467062,
    1.461,
    1.493756,
    1.477746,
    1.495173,
    1.445669,
    1.553259,
    1.479001,
    1.424489,
    1.383552,
    1.403736,
    1.341412,
    1.445303,
    1.474916,
    1.39102,
    1.55239,
    1.39598,
    1.333298,
    1.370334,
    1.34175,
    1.341199,
    1.46018,
    1.376105,
    1.389132,
    1.355889,
    1.381713,
    1.342726,
    1.369237,
    1.309662,
    1.353044,
    1.372373,
    1.352451,
    1.328161,
    1.324447,
    1.309225,
    1.34001,
    1.25036,
    1.33666,
    1.274687,
    1.303772,
    1.307638,
    1.289729,
    1.268316,
    1.294896,
    1.281025,
    1.271708,
    1.269163,
    1.224526,
    1.302057,
    1.289608,
    1.278276,
    1.23626,
    1.230577,
    1.259013,
    1.184877,
    1.258817,
    1.219025,
    1.190951,
    1.204268,
    1.203379,
    1.143532,
    1.199153,
    1.19421,
    1.22959,
    1.201616,
    1.190209,
    1.204658,
    1.147557,
    1.201072,
    1.198181,
    1.153863,
    1.170615,
    1.102241,
    1.160891,
    1.154533,
    1.146961,
    1.158427,
    1.139877,
    1.147867,
    1.103775,
    1.17036,
    1.153034,
    1.089155,
    1.155267,
    1.135401,
    1.103005,
    1.114462,
    1.151341,
    1.136816,
    1.112066,
    1.07491,
    1.112191,
    1.080049,
    1.106925,
    1.0962,
    1.066903,
    1.103115,
    1.104089,
    1.065514,
    1.087652,
    1.081869,
    1.050883,
    1.069742,
    1.082836,
    1.120298,
    1.040157,
    1.056241,
    1.073339,
    1.065684,
    1.07196,
    1.050166,
    1.064943,
    1.021476,
    1.068643,
    1.092444,
    1.057024,
    1.055203,
    1.032409,
    1.045749,
    1.057311,
    1.058379,
    1.048396,
    1.033424,
    1.050012,
    1.037636,
    1.061108,
    1.094062,
    1.019287,
    1.062894,
    1.01626,
    1.037277,
    1.04995,
    1.075579
  ],