{
  "epoch": [
    1,
    2,
    3,
    4,
    5,
    6,
    7,
    8,
    9,
    10,
    11,
    12,
    13,
    14,
    15,
    16,
    17,
    18,
    19,
    20,
    21,
    22,
    23,
    24,
    25,
    26,
    27,
    28,
    29,
    30,
    31,
    32,
    33,
    34,
    35,
    36,
    37,
    38,
    39,
    40,
    41,
    42,
    43,
    44,
    45,
    46,
    47,
    48,
    49,
    50,
    51,
    52,
    53,
    54,
    55,
    56,
    57,
    58,
    59,
    60,
    61,
    62,
    63,
    64,
    65,
    66,
    67,
    68,
    69,
    70,
    71,
    72,
    73,
    74,
    75,
    76,
    77,
    78,
    79,
    80,
    81,
    82,
    83,
    84,
    85,
    86,
    87,
    88,
    89,
    90,
    91,
    92,
    93,
    94,
    95,
    96,
    97,
    98,
    99,
    100,
    101,
    102,
    103,
    104,
    105,
    106,
    107,
    108,
    109,
    110,
    111,
    112,
    113,
    114,
    115,
    116,
    117,
    118,
    119,
    120,
    121,
    122,
    123,
    124,
    125,
    126,
    127,
    128,
    129,
    130,
    131,
    132,
    133,
    134,
    135,
    136,
    137,
    138,
    139,
    140,
    141,
    142,
    143,
    144,
    145,
    146,
    147,
    148,
    149,
    150,
    151,
    152,
    153,
    154,
    155,
    156,
    157,
    158,
    159,
    160,
    161,
    162,
    163,
    164,
    165,
    166,
    167,
    168,
    169,
    170,
    171,
    172,
    173,
    174,
    175,
    176,
    177,
    178,
    179,
    180,
    181,
    182,
    183,
    184,
    185,
    186,
    187,
    188,
    189,
    190,
    191,
    192,
    193,
    194,
    195,
    196,
    197,
    198,
    199,
    200
  ],
  "train_loss": [
    4.247634,
    3.691679,
    3.52243,
    3.479714,
    3.464158,
    3.361446,
    3.336824,
    3.276897,
    3.198217,
    3.155651,
    3.119537,
    3.047693,
    3.029115,
    2.922363,
    2.948782,
    2.847217,
    2.899564,
    2.828229,
    2.838758,
    2.741195,
    2.780797,
    2.771246,
    2.722625,
    2.738225,
    2.721253,
    2.698578,
    2.658631,
    2.703346,
    2.601049,
    2.593742,
    2.671506,
    2.542424,
    2.619763,
    2.521588,
    2.536281,
    2.591471,
    2.525655,
    2.562991,
    2.518101,
    2.560455,
    2.514827,
    2.489751,
    2.5006,
    2.444343,
    2.44451,
    2.404586,
    2.454997,
    2.446904,
    2.431782,
    2.510546,
    2.42045,
    2.376666,
    2.398349,
    2.447839,
    2.387118,
    2.393887,
    2.35807,
    2.368273,
    2.36971,
    2.371488,
    2.348571,
    2.372993,
    2.245685,
    2.342201,
    2.394075,
    2.337803,
    2.334119,
    2.294736,
    2.375328,
    2.289817,
    2.257907,
    2.252273,
    2.22685,
    2.278896,
    2.306383,
    2.295064,
    2.27098,
    2.252652,
    2.248035,
    2.299597,
    2.245942,
    2.224696,
    2.193295,
    2.316497,
    2.243305,
    2.245324,
    2.200427,
    2.125384,
    2.241477,
    2.25061,
    2.193478,
    2.180609,
    2.170947,
    2.192753,
    2.102734,
    2.138873,
    2.142223,
    2.128503,
    2.112412,
    2.14751,
    2.113947,
    2.054727,
    2.040789,
    2.040336,
    2.065974,
    2.117308,
    2.017947,
    2.065784,
    2.056825,
    2.046913,
    2.092124,
    2.087901,
    2.085366,
    2.055755,
    2.01968,
    2.06148,
    2.000752,
    2.048356,
    1.94879,
    1.942508,
    1.947649,
    1.911623,
    2.018564,
    1.969121,
    1.960471,
    1.919926,
    1.908945,
    2.025072,
    1.998179,
    1.952301,
    1.924346,
    1.937934,
    1.871485,
    1.964069,
    1.921816,
    1.949912,
    1.958932,
    1.911921,
    1.870506,
    1.884258,
    1.898428,
    1.872336,
    1.894706,
    1.895462,
    1.824287,
    1.858915,
    1.892542,
    1.810627,
    1.846411,
    1.849363,
    1.806345,
    1.796955,
    1.881072,
    1.886868,
    1.823561,
    1.873881,
    1.842902,
    1.838926,
    1.764595,
    1.805599,
    1.800258,
    1.792313,
    1.837439,
    1.830118,
    1.85355,
    1.686927,
    1.791331,
    1.753214,
    1.733779,
    1.744229,
    1.744808,
    1.793025,
    1.730639,
    1.708395,
    1.735894,
    1.738601,
    1.804453,
    1.740572,
    1.684116,
    1.754563,
    1.733693,
    1.793939,
    1.686383,
    1.800976,
    1.723248,
    1.674414,
    1.698372,
    1.668252,
    1.744159,
    1.666608,
    1.621761,
    1.698235,
    1.706561,
    1.755333,
    1.706656,
    1.707336,
    1.725751,
    1.742612,
    1.647493,
    1.660306
  ],
  "val_loss": [
    3.001969,
    2.459881,
    2.299475,
    2.377415,
    2.471349,
    2.5064,
    2.184645,
    1.988819,
    2.177682,
    2.019008,
    2.637712,
    1.855424,
    1.787754,
    1.750153,
    1.918085,
    1.691246,
    1.883855,
    1.79369,
    2.099455,
    1.744144,
    1.701518,
    1.793731,
    1.743358,
    1.499404,
    1.564668,
    1.463285,
    1.6662,
    1.598168,
    1.516675,
    1.867863,
    2.593328,
    1.888237,
    1.993061,
    1.927342,
    1.883262,
    1.819751,
    5.328175,
    1.608312,
    2.014498,
    2.468542,
    2.232649,
    1.860954,
    1.449321,
    1.390142,
    1.527285,
    3.25699,
    4.769823,
    3.126207,
    1.677503,
    1.63556,
    1.512743,
    1.548262,
    1.630157,
    1.843253,
    1.638374,
    1.696705,
    2.182087,
    1.629012,
    1.552136,
    1.546016,
    1.534242,
    1.659213,
    1.527665,
    1.790609,
    1.761367,
    1.61847,
    1.500733,
    1.787396,
    1.817262,
    1.605559,
    2.049088,
    1.680802,
    1.710926,
    1.845618,
    1.389612,
    1.435781,
    1.47845,
    1.407708,
    1.913732,
    1.691604,
    2.728868,
    1.545821,
    1.730404,
    2.503935,
    1.452204,
    2.042261,
    2.165533,
    1.531541,
    1.791357,
    2.1925,
    2.21736,
    2.645822,
    3.420217,
    3.676997,
    5.296189,
    2.023837,
    2.132552,
    3.683198,
    3.065587,
    3.724285,
    2.642803,
    3.116057,
    2.257059,
    1.824378,
    2.147608,
    1.825052,
    1.502854,
    2.363093,
    1.710271,
    2.407866,
    2.719423,
    2.222806,
    4.023232,
    4.476251,
    1.678645,
    4.379315,
    3.145703,
    5.290302,
    5.726064,
    2.252236,
    16.029549,
    4.678486,
    43.273235,
    49.471135,
    22.700832,
    94.892865,
    21.54337,
    3.320025,
    57.349171,
    59.149149,
    13.431942,
    21.841888,
    29.490969,
    116.582333,
    15.052853,
    59.98035,
    54.602121,
    5.007414,
    16.457931,
    1.416906,
    18.232207,
    15.833218,
    51.42741,
    13.877949,
    19.539013,
    19.514452,
    8.868153,
    14.313488,
    22.830029,
    23.991616,
    42.006104,
    47.708199,
    58.458992,
    30.73661,
    21.414062,
    12.8975,
    67.228038,
    37.384884,
    7.509356,
    11.917495,
    4.371872,
    6.660474,
    12.20511,
    5.793409,
    100.061884,
    61.356514,
    50.535524,
    9.135755,
    92.457307,
    4.839195,
    15.327475,
    86.702963,
    10.832938,
    133.068954,
    38.992616,
    29.252342,
    13.377612,
    17.498746,
    73.741886,
    11.004328,
    53.390895,
    76.591974,
    241.460758,
    45.421677,
    45.154737,
    230.794127,
    4.310843,
    75.483164,
    94.415677,
    96.479868,
    20.420339,
    23.488773,
    44.933634,
    49.191706,
    42.387307,
    78.885988,
    82.416588,
    970.016243,
    15.470852,
    48.137941
  ],