{
  "epoch": [
    1,
    2,
    3,
    4,
    5,
    6,
    7,
    8,
    9,
    10,
    11,
    12,
    13,
    14,
    15,
    16,
    17,
    18,
    19,
    20,
    21,
    22,
    23,
    24,
    25,
    26,
    27,
    28,
    29,
    30,
    31,
    32,
    33,
    34,
    35,
    36,
    37,
    38,
    39,
    40,
    41,
    42,
    43,
    44,
    45,
    46,
    47,
    48,
    49,
    50,
    51,
    52,
    53,
    54,
    55,
    56,
    57,
    58,
    59,
    60,
    61,
    62,
    63,
    64,
    65,
    66,
    67,
    68,
    69,
    70,
    71,
    72,
    73,
    74,
    75,
    76,
    77,
    78,
    79,
    80,
    81,
    82,
    83,
    84
  ],
  "train_loss": [
    6.700024,
    5.440829,
    4.990589,
    4.935633,
    4.812854,
    4.679471,
    4.626689,
    4.471089,
    4.49954,
    4.460872,
    4.403021,
    4.314375,
    4.253506,
    4.170046,
    4.100775,
    3.976938,
    4.119145,
    3.958959,
    3.948308,
    3.92844,
    4.019771,
    3.905983,
    3.859187,
    3.844544,
    3.913525,
    3.873026,
    3.654627,
    3.702044,
    3.665245,
    3.756859,
    3.703016,
    3.636914,
    3.66283,
    3.557931,
    3.632981,
    3.663541,
    3.598781,
    3.535346,
    3.529028,
    3.583684,
    3.587596,
    3.541266,
    3.567533,
    3.500278,
    3.5311,
    3.507763,
    3.42707,
    3.47588,
    3.468644,
    3.492996,
    3.462194,
    3.459041,
    3.395759,
    3.397494,
    3.422612,
    3.355715,
    3.423478,
    3.339099,
    3.418791,
    3.408234,
    3.457872,
    3.322209,
    3.36683,
    3.361341,
    3.388167,
    3.302268,
    3.432005,
    3.386029,
    3.346647,
    3.414773,
    3.281807,
    3.522826,
    3.292351,
    3.342558,
    3.340133,
    3.355195,
    3.287951,
    3.277404,
    3.34218,
    3.299989,
    3.277137,
    3.343242,
    3.328035,
    3.481885
  ],
  "val_loss": [
    3.28034,
    2.646285,
    2.445983,
    2.370941,
    2.154568,
    2.205905,
    2.186592,
    2.293468,
    2.177619,
    2.013415,
    2.126941,
    2.079003,
    2.040577,
    1.930825,
    1.943491,
    1.902898,
    1.876088,
    1.908804,
    1.887919,
    1.801293,
    1.871906,
    1.792421,
    1.769343,
    1.809902,
    1.787907,
    1.786029,
    1.704297,
    1.674883,
    1.711608,
    1.702678,
    1.634513,
    1.672489,
    1.596915,
    1.724206,
    1.664607,
    1.654988,
    1.624223,
    1.570469,
    1.62757,
    1.662447,
    1.615548,
    1.586321,
    1.555982,
    1.597179,
    1.674872,
    1.601997,
    1.627503,
    1.635791,
    1.518628,
    1.629972,
    1.525325,
    1.651406,
    1.687371,
    1.537981,
    1.513183,
    1.584186,
    1.72563,
    1.589825,
    1.737271,
    1.581898,
    1.629439,
    1.688029,
    1.560599,
    1.59832,
    1.623835,
    1.558156,
    1.648263,
    1.590565,
    1.631364,
    1.623879,
    1.622089,
    1.549883,
    1.625357,
    1.571459,
    1.563514,
    1.605545,
    1.542384,
    1.556251,
    1.526079,
    1.495614,
    1.606632,
    1.560799,
    1.574539,
    1.528239
  ],
  "val_accuracy": [
    25.16,
    42.94,
    45.53,
    47.8,
    48.96,
    50.16,
    52.05,
    51.89,
    52.23,
    54.4,
    54.95,
    54.37,
    55.69,
    56.2,
    56.45,
    57.57,
    57.08,
    59.8,
    59.12,
    59.5,
    58.88,
    61.32,
    61.48,
    61.03,
    61.05,
    61.5,
    61.79,
    62.36,
    63.37,
    63.08,
    64.34,
    62.71,
    63.59,
    63.64,
    63.42,
    64.37,
    64.24,
    64.65,
    65.02,
    64.72,
    65.1,
    65.7,
    66.27,
    65.5,
    65.51,
    64.63,
    64.32,
    65.54,
    65.39,
    64.16,
    66.25,
    65.76,
    64.85,
    66.85,
    66.37,
    64.83,
    64.37,
    65.6,
    65.71,
    65.51,
    64.94,
    64.68,
    66.44,
    64.58,
    65.34,
    64.75,
    64.42,
    65.08,
    66.0,
    64.71,
    64.7,
    65.17,
    65.82,
    66.63,
    64.73,
    65.83,
    66.55,
    66.71,
    66.51,
    66.79,
    64.77,
    66.45,
    66.31,
    65.73
  ],
  "learning_rate": [
    0.0002,
    0.0004,
    0.0006,
    0.0008,
    0.001,
    0.00099997,
    0.00099989,
    0.00099974,
    0.00099955,
    0.00099929,
    0.00099898,
    0.00099861,
    0.00099819,
    0.00099771,
    0.00099717,
    0.00099657,
    0.00099592,
    0.00099522,
    0.00099445,
    0.00099363,
    0.00099276,
    0.00099183,
    0.00099084,
    0.0009898,
    0.0009887,
    0.00098755,
    0.00098634,
    0.00098508,
    0.00098376,
    0.00098238,
    0.00098096,
    0.00097947,
    0.00097794,
    0.00097634,
    0.0009747,
    0.000973,
    0.00097125,
    0.00096944,
    0.00096758,
    0.00096567,
    0.0009637,
    0.00096168,
    0.00095961,
    0.00095749,
    0.00095532,
    0.00095309,
    0.00095081,
    0.00094849,
    0.00094611,
    0.00094368,
    0.0009412,
    0.00093867,
    0.00093609,
    0.00093346,
    0.00093078,
    0.00092805,
    0.00092527,
    0.00092245,
    0.00091958,
    0.00091666,
    0.00091369,
    0.00091068,
    0.00090762,
    0.00090451,
    0.00090136,
    0.00089816,
    0.00089491,
    0.00089163,
    0.00088829,
    0.00088492,
    0.0008815,
    0.00087803,
    0.00087453,
    0.00087098,
    0.00086739,
    0.00086375,
    0.00086008,
    0.00085637,
    0.00085261,
    0.00084882,
    0.00084498,
    0.00084111,
    0.00083719,
    0.00083324
  ],