{
  "epoch": [
    1,
    2,
    3,
    4,
    5,
    6,
    7,
    8,
    9,
    10,
    11,
    12,
    13,
    14,
    15,
    16,
    17,
    18,
    19,
    20,
    21,
    22,
    23,
    24,
    25,
    26,
    27,
    28,
    29,
    30,
    31,
    32,
    33,
    34,
    35,
    36,
    37,
    38,
    39,
    40,
    41,
    42,
    43,
    44,
    45,
    46,
    47,
    48,
    49,
    50,
    51,
    52,
    53,
    54,
    55,
    56,
    57,
    58,
    59,
    60,
    61,
    62,
    63,
    64,
    65,
    66,
    67,
    68,
    69,
    70,
    71,
    72,
    73,
    74,
    75,
    76,
    77,
    78,
    79,
    80,
    81,
    82,
    83,
    84,
    85,
    86,
    87,
    88,
    89,
    90,
    91,
    92,
    93,
    94,
    95,
    96,
    97,
    98,
    99,
    100,
    101,
    102,
    103,
    104,
    105,
    106,
    107,
    108,
    109,
    110,
    111,
    112,
    113,
    114,
    115,
    116,
    117,
    118,
    119,
    120,
    121,
    122,
    123,
    124,
    125,
    126,
    127,
    128,
    129,
    130,
    131,
    132,
    133,
    134,
    135,
    136,
    137,
    138,
    139,
    140,
    141,
    142,
    143,
    144,
    145,
    146,
    147,
    148,
    149,
    150,
    151,
    152,
    153,
    154,
    155,
    156,
    157,
    158,
    159,
    160,
    161,
    162,
    163,
    164,
    165,
    166,
    167,
    168,
    169,
    170,
    171,
    172,
    173,
    174,
    175,
    176,
    177,
    178,
    179,
    180,
    181,
    182,
    183,
    184,
    185,
    186,
    187,
    188,
    189,
    190,
    191,
    192,
    193,
    194,
    195,
    196,
    197,
    198,
    199,
    200
  ],
  "train_loss": [
    2.387813,
    1.951384,
    1.760683,
    1.749443,
    1.72405,
    1.689926,
    1.659904,
    1.56894,
    1.577345,
    1.556608,
    1.552795,
    1.549247,
    1.526543,
    1.479639,
    1.485791,
    1.487059,
    1.500583,
    1.447975,
    1.432346,
    1.485396,
    1.41241,
    1.463634,
    1.463695,
    1.439782,
    1.406842,
    1.37889,
    1.390875,
    1.425803,
    1.377748,
    1.393187,
    1.395651,
    1.320607,
    1.38715,
    1.356378,
    1.332668,
    1.334377,
    1.355737,
    1.322682,
    1.284786,
    1.299936,
    1.3476,
    1.327482,
    1.291854,
    1.295648,
    1.317128,
    1.227578,
    1.277961,
    1.309135,
    1.310279,
    1.308657,
    1.288217,
    1.266084,
    1.2654,
    1.2752,
    1.271417,
    1.2442,
    1.223758,
    1.261988,
    1.259181,
    1.26412,
    1.283498,
    1.218415,
    1.23718,
    1.267706,
    1.23122,
    1.206082,
    1.225707,
    1.205374,
    1.185627,
    1.196249,
    1.198548,
    1.259218,
    1.216296,
    1.232384,
    1.209417,
    1.200923,
    1.198785,
    1.203811,
    1.19998,
    1.203207,
    1.180479,
    1.215295,
    1.182606,
    1.179584,
    1.152484,
    1.154486,
    1.184056,
    1.160799,
    1.130854,
    1.171037,
    1.147222,
    1.135061,
    1.155526,
    1.161442,
    1.114977,
    1.11257,
    1.150822,
    1.155784,
    1.087432,
    1.128318,
    1.121874,
    1.144237,
    1.125455,
    1.112667,
    1.10377,
    1.112421,
    1.079402,
    1.068419,
    1.100665,
    1.12331,
    1.057154,
    1.075738,
    1.096224,
    1.113127,
    1.09515,
    1.060294,
    1.110818,
    1.037722,
    1.058556,
    1.062548,
    1.052907,
    1.07284,
    1.052346,
    1.053489,
    1.004369,
    1.018949,
    1.076165,
    0.988263,
    0.999721,
    1.033655,
    1.019696,
    1.019417,
    0.995963,
    1.015089,
    1.029288,
    1.007801,
    1.003964,
    0.985893,
    1.023811,
    1.01046,
    1.018965,
    1.008959,
    1.012739,
    1.035361,
    0.985996,
    1.007888,
    0.936305,
    0.987405,
    0.944714,
    0.961301,
    0.980206,
    0.961494,
    0.937951,
    0.957944,
    0.962731,
    0.93756,
    0.96686,
    0.933111,
    0.966262,
    0.95343,
    0.96137,
    0.910584,
    0.917864,
    0.933131,
    0.905585,
    0.912691,
    0.918554,
    0.927373,
    0.89603,
    0.935425,
    0.91506,
    0.906799,
    0.891031,
    0.939549,
    0.938455,
    0.87237,
    0.932408,
    0.928449,
    0.918452,
    0.961239,
    0.89805,
    0.90257,
    0.889414,
    0.906985,
    0.930844,
    0.92559,
    0.909567,
    0.953669,
    0.917942,
    0.896686,
    0.876991,
    0.885326,
    0.886923,
    0.891399,
    0.905056,
    0.893843,
    0.889233,
    0.957872,
    0.922018,
    0.872454
  ],
  "val_loss": [
    2.675356,
    2.073574,
    1.869518,
    1.941036,
    2.037414,
    1.839666,
    1.869526,
    1.739357,
    1.760521,
    1.728937,
    1.733804,
    1.759784,
    1.659853,
    1.653343,
    1.555724,
    1.606661,
    1.581017,
    1.584802,
    1.518454,
    1.606644,
    1.53382,
    1.509899,
    1.536013,
    1.505528,
    1.46992,
    1.466561,
    1.433118,
    1.433509,
    1.473756,
    1.407114,
    1.445413,
    1.457552,
    1.428853,
    1.448141,
    1.404737,
    1.428812,
    1.404033,
    1.405581,
    1.37358,
    1.374586,
    1.353486,
    1.442099,
    1.407877,
    1.344401,
    1.405799,
    1.386928,
    1.346281,
    1.350076,
    1.31297,
    1.344992,
    1.348181,
    1.364303,
    1.362582,
    1.312908,
    1.346043,
    1.283259,
    1.354586,
    1.326669,
    1.291789,
    1.380277,
    1.365735,
    1.287816,
    1.329347,
    1.330282,
    1.247424,
    1.294532,
    1.351249,
    1.322654,
    1.278347,
    1.293409,
    1.320809,
    1.311038,
    1.359661,
    1.353232,
    1.340763,
    1.283369,
    1.274777,
    1.344148,
    1.348568,
    1.281782,
    1.321453,
    1.288523,
    1.292427,
    1.272026,
    1.323299,
    1.272103,
    1.22614,
    1.259578,
    1.296452,
    1.313663,
    1.305607,
    1.24143,
    1.210325,
    1.233702,
    1.229529,
    1.251259,
    1.196804,
    1.225244,
    1.303534,
    1.253659,
    1.236514,
    1.21334,
    1.23085,
    1.235923,
    1.25539,
    1.248163,
    1.229974,
    1.182355,
    1.182823,
    1.217342,
    1.193142,
    1.200667,
    1.184283,
    1.157307,
    1.188221,
    1.178853,
    1.139366,
    1.165454,
    1.178944,
    1.196061,
    1.15671,
    1.174726,
    1.174492,
    1.182106,
    1.145459,
    1.14636,
    1.185374,
    1.172522,
    1.136695,
    1.126859,
    1.176872,
    1.147491,
    1.115077,
    1.1425,
    1.078878,
    1.118959,
    1.117849,
    1.11885,
    1.13618,
    1.159768,
    1.100871,
    1.104299,
    1.132802,
    1.097852,
    1.114153,
    1.101707,
    1.145362,
    1.097126,
    1.138744,
    1.079139,
    1.112459,
    1.083449,
    1.098679,
    1.099049,
    1.045914,
    1.099388,
    1.094755,
    1.0618,
    1.079816,
    1.102458,
    1.058471,
    1.063486,
    1.058584,
    1.10732,
    1.039015,
    1.051073,
    1.053003,
    1.041998,
    1.047801,
    1.061032,
    1.073604,
    0.992998,
    1.042138,
    1.062541,
    1.061298,
    1.035074,
    1.08027,
    1.071925,
    1.062789,
    1.042901,
    1.058424,
    1.035734,
    1.023292,
    1.025142,
    1.033063,
    1.038523,
    1.038953,
    1.015578,
    1.052871,
    1.003901,
    1.061588,
    1.003685,
    1.011862,
    1.036118,
    1.055675,
    1.024449,
    1.043577,
    1.029864,
    1.049367,
    1.018033
  ],